id_alimento,food
1,pinyon pine nuts dried
2,congee with pork shrimp and squid plus egg
3,apple juice martinellis
4,pesca tea santal
5,yoplait light strawberry yogurt yoplait
6,nesfit diet cereal nestle
7,whiskey
8,gin
9,rum
10,pesca
11,chow mein stir fry master foods
12,eisbonbons mac iver
13,vivaldi potatoes sainsburys
14,tomato ketchup mp
15,orange juice sainsburys
16,baking soda
17,milk chocolate with rice cereal
18,epazote
19,chives dried
20,rosemary fresh
21,veal shoulder raw
22,cola light coca cola
23,club soda
24,maitake mushrooms
25,pom potes materne
26,chives raw
27,peppermint
28,enoki mushrooms
29,instant lemon tea
30,parsley fresh
31,thyme fresh
32,radish raw
33,agar
34,heidelbeeren jutro
35,tea blueberry muffin tekanne
36,coriander leaves dried
37,spearmint dried
38,crimini mushrooms
39,saffron
40,gatorade g2 pepsi
41,acerola cherry
42,black tea
43,basil fresh
44,chanterelle mushrooms
45,straw mushrooms canned
46,bran flakes asda
47,green olives pickled
48,cooking wine
49,garden cress raw
50,tea with milk and sugar yorkshire
51,serrano pepper
52,american grapes
53,cayenne pepper
54,whole wheat bread natures own
55,basil dried
56,vinegar
57,chum salmon raw
58,ginger root
59,mustard
60,tabasco sauce
61,shallots dried
62,hot chile pepper dried
63,filinchen gutena
64,cider vinegar
65,horseradish
66,dill weed fresh
67,vanilla extract
68,jellybeans
69,red wine vinegar
70,rolo nestle
71,multigrain cheerios general mills
72,garlic
73,spearmint fresh
74,espresso
75,beer light budweiser
76,asparagus raw
77,cured beef dried
78,cauliflower raw
79,espresso decaffeinated
80,powerade zero ion4 coca cola
81,fruchtcocktail granini
82,orangensaft ja
83,alfalfa seeds
84,asparagus cooked
85,watercress
86,jalapeno pepper
87,red lettuce
88,shoestring french fries
89,java plum
90,whey protein powder vanilla eas
91,tamarinds
92,cherries
93,morel mushrooms
94,mayonnaise hellmanns
95,danone low fat alsafi
96,crayfish raw
97,vanilla yoghurt oikos
98,oyster mushroom
99,grapes
100,savory ground
101,soya vanille joghurt alpro
102,pepperoni beef
103,baked chips lays
104,lychee
105,marjoram dried
106,string beans wellsley farms
107,cream of tartar
108,mulberries
109,onion cooked
110,beer budweiser
111,raspberries
112,celery raw
113,prickly pear cooked
114,soy sauce
115,vanilla bluberry bar kind
116,chewing gum sugarless
117,vodka smirnoff
118,mung bean sprouts raw
119,amp energy sugar free pepsi
120,black pepper
121,white pepper
122,spring onion scallions
123,sweet sour dressing
124,yuca cassava chips
125,powerade coca cola
126,scallops cooked
127,shiitake mushrooms raw
128,longans dried
129,chocolate rasberry protein mini proteinfx
130,butter toastbrot ja
131,spray dressing
132,chewing gum
133,pinot blanc white wine
134,surinam cherry pitanga
135,iceberg lettuce
136,saltine crackers
137,pinot gris grigio white wine
138,sauvignon blanc white wine
139,roggenmischbrot sonnenblumenkerne aldi
140,hand breaded chicken tenders carls jr
141,laver seaweed
142,sesbania flower raw
143,chili powder
144,jute raw
145,non alcoholic wine
146,nance syrup
147,garlic powder
148,chicory greens
149,luncheon meat beef
150,muscadine grapes
151,scallop raw
152,longan
153,pinot noir red wine
154,sliced turkey breast
155,shiitake mushrooms cooked
156,cornsalad
157,dar vida swiss original
158,lambs quarters raw
159,chicken fajita strips
160,cabarnet franc red wine
161,shrimp raw
162,beef broth powder
163,parmesan cheese grated
164,turkey salami cooked
165,fusilli cucina
166,biscotti abbracci mulino bianco
167,plantain fried
168,broccoli raab raw
169,syrah red wine
170,gewurztraminer white wine
171,sangiovese red wine
172,shiitake mushrooms dried
173,rhubarb raw
174,taro chips
175,tomato chili sauce
176,pink lady apple
177,instant coffee powder decaffeinated
178,pepper hot sauce
179,granulated sugar
180,fructose sweetener
181,zinfandel red wine
182,bacon grease
183,mayonnaise imitation fat free
184,ginger ground
185,salt
186,zaziki milfina
187,cottage fries
188,gum drops
189,apricot kernel oil
190,sesame oil
191,chamomile tea
192,herb tea
193,arrowhead
194,palm kernel oil
195,salsa verde
196,dried tomatoes
197,capers canned
198,egg mix
199,kumquat
200,cucumber peeled
201,strawberry guava
202,lemongrass citronella
203,onion raw
204,mayonnaise light
205,irishmoss
206,chenin blanc white wine
207,honey cereali general mills
208,turkey fat
209,goose fat
210,mutton tallow
211,duck fat
212,coffee decaffeinated
213,collard raw
214,white sugar
215,granola bites
216,coffee
217,original chicken sandwich chick fil a
218,italian dressing
219,maraschino cherries
220,ricotta cheese
221,turbinado sugar
222,celtuce
223,chrysanthemum raw
224,cabernet sauvignon red wine
225,soybean margarine
226,pork beef salami
227,apricot
228,butterscotch
229,french fries
230,requeijao cremoso light catupiry
231,agave syrup
232,soy flour
233,almonds raw
234,riesling white wine
235,barbera red wine
236,chicken and rice casserole homade
237,italian dressing fat free
238,bamboo shoots cooked
239,poultry salad
240,shallots raw
241,bakers yeast dry
242,lemon peel
243,crispy chicken strips tyson
244,sour cream shoprite
245,dried tomatoes canned in oil
246,orange tomato
247,hard candy
248,green chili pepper
249,egg white raw
250,gushers fruit gushers
251,classique yogurt plain 2 liberte
252,loquats
253,sweet chilli kettle baked chips
254,bay leaf
255,pickle relish
256,shrimp cooked
257,french dressing fat free
258,bacon roasted
259,jellyfish dried
260,gourd raw
261,lotus root cooked
262,pastrami beef fat free
263,nutmeg ground
264,passion fruit
265,bacon baked
266,savoury noodle one pan dinner tandaco
267,bacon cooked
268,chili pepper sauce red
269,tofu fried
270,baby zucchini
271,sugar coated almonds
272,parsley dried
273,baby carrots
274,vegetable oil spread fat free
275,beets cooked
276,cheese crackers
277,cream cheese
278,zwieback
279,tap water
280,balsamic vinegar
281,italian salami
282,monkfish raw
283,daiquiri
284,gelatin powder
285,caesar dressing low calorie
286,pork salami
287,tomato cooked
288,lychee dried
289,cranberries
290,burgundy red wine
291,vanilla wafers
292,salsa sauce
293,margarine spread
294,salat mix alestro
295,mustard seeds ground
296,brown sugar
297,orange roughy raw
298,curry powder
299,tarragon dried
300,turmeric ground
301,muscat white wine
302,whiskey sour mix
303,bacon tomato dressing
304,grilled chicken sandwich wendys
305,coconut milk
306,instant coffee with water
307,ranch dressing
308,oyster sauce
309,chicken mcnuggets mcdonalds
310,savoy cabbage raw
311,pork beef salami cooked
312,paprika
313,instant coffee with water decaffeinated
314,catsup
315,peanuts chocolate coated
316,yellowfin tuna raw
317,quail egg
318,black walnut dried
319,vinegar oil dressing
320,sour pickles
321,carrots raw
322,sunflower seed flour
323,chrysanthemum cooked
324,eastern oyster cooked
325,pasta marinara and ground beef sauce
326,horchata
327,teriyaki sauce
328,steak sauce
329,green lettuce
330,caramel med iced coffee dunkin donuts
331,beef breakfast strips cooked
332,french dressing reduced fat
333,yokan
334,surimi
335,tartar sauce
336,scallop imitation
337,after eight mints nestle
338,monkfish cooked
339,turkey ham
340,plum
341,broccoli raab cooked
342,egg large
343,muesli master crumble
344,pork breakfast strips cooked
345,kelp
346,pork chitterlings cooked
347,apricot dried
348,chips chipotle
349,portabella mushrooms raw
350,mushrooms raw
351,carambola starfruit
352,eastern oyster raw
353,olives
354,fish sauce
355,chicken bouillon dry
356,chaptti roti indian bread
357,roe raw
358,jackfruit
359,sturgeon raw
360,chicken box mcdonalds
361,mortadella
362,corn grits dry
363,popcorn air popped
364,beef heart cooked
365,brown rice cake
366,chayote raw
367,yellowfin tuna cooked
368,beef mince meat asda
369,water dannon
370,corned beef cooked
371,beef luncheon meat jellied
372,bakers yeast
373,walnut
374,orange roughy cooked
375,sweet sour sauce
376,miso
377,strawberries
378,ham extra lean
379,ocean perch cooked
380,macadamia nuts raw
381,minced ham
382,honey mustard dressing fat free
383,corn cake
384,canadian style bacon grilled
385,cocktail sauce
386,popcorn cake
387,cardamom
388,shortbread cookies
389,falafel
390,chicken nuggets
391,bluefin tuna raw
392,yellow tomato
393,chopped ham
394,canadian style bacon raw
395,clementine
396,peanut butter cookie protein syntha 6
397,pork feet cooked
398,chicken wing cooked
399,anchovy canned in oil
400,chicken broth dry
401,beef diced asda
402,ranch dressing fat free
403,plum sauce
404,cauliflower cooked
405,clams fried
406,weetabix weetabix
407,broccoli raw
408,vegetable oil spread
409,coleslaw dressing
410,buttermilk dressing light
411,corned beef canned
412,ranch dressing reduced fat
413,honey mustard dressing
414,beef salami cooked
415,ground veal raw
416,apple butter
417,kit kat nestle
418,peppercorn dressing
419,pain au chocolat de la boulangerie
420,cardoon raw
421,toffee
422,sauerkraut canned
423,popcorn oil popped
424,shrimp imitation
425,indian squash cooked
426,dock
427,chili pepper sauce green
428,egg white dried
429,onion powder
430,carignane red wine
431,turnips cooked
432,figs canned
433,gingersnap cookies
434,onion rings fried
435,little india little lunch
436,veal loin raw
437,soy margarine
438,cattail
439,prune puree
440,tomato juice
441,turkey heart cooked
442,pork stomach cooked
443,sage ground
444,lard
445,lard vegetable oil
446,chicken fat
447,beef tallow
448,shortening
449,pumpkin squash seeds roasted
450,vegetable fruit juice
451,mayonnaise dressing
452,guava
453,beef bologna
454,margarine with yoghurt
455,brown gravy dry
456,sugar wafers with creme filling
457,barbecue sauce
458,chocolate chip cookie
459,brazilnuts dried
460,pork blade roll raw
461,rice bowl with chicken
462,green goddess dressing
463,mustard cabbage
464,sesame crunch
465,durian
466,gatto di patate home made
467,pork bologna
468,portabella mushrooms grilled
469,pepper jack cheese lucerne
470,cabbage cooked
471,peanut oil
472,turkey pastrami
473,kiwifruit green
474,sardine oil
475,salmon fish oil
476,herring fish oil
477,hazelnut oil
478,cupu assu oil
479,cottonseed oil
480,ucuhuba butter oil
481,grapeseed oil
482,almond oil
483,teaseed oil
484,safflower oil
485,poppyseed oil
486,wheat germ oil
487,cocoa butter oil
488,soy oil
489,vegetable palm kernel oil
490,soybean lecithin oil
491,salmon nuggets
492,sunflower oil
493,olive oil
494,margarine with salt
495,scrapple
496,coconut oil
497,soybean oil
498,rice bran oil
499,sweetn sour sauce mcdonalds
500,vegetable oil
501,margarine
502,prune plums canned
503,flaxseed oil
504,blue cheese dressing light
505,hoisin sauce
506,peas canned
507,barbecue sauce bulls eye
508,pokeberry shoots raw
509,pineapple
510,sweet sour pork
511,avocado oil
512,corn granola oil
513,mustard oil
514,brown gravy instant
515,okra
516,canola oil
517,pickled pork hocks
518,croutons
519,spinach pasta cooked
520,coffee liqueur
521,beef tongue cooked
522,french dressing
523,sunflower seeds dry roasted
524,buckwheat raw
525,cocoa powder unsweetened
526,turkey gravy instant
527,taffy
528,pummelo
529,omelet
530,barbecue sauce kraft
531,blue cheese dressing
532,shrimp fried
533,fish stock
534,fish sticks
535,barbecue sauce mcdonalds
536,grenadine
537,fruit nut squares
538,bacon
539,corn canned
540,prickly pear
541,pancake syrup
542,zucchini raw
543,sturgeon smoked
544,chicken liver cooked
545,peanut butter
546,butterfish raw
547,butterfish cooked
548,pork gravy powder
549,pasilla peppers dried
550,eastern oyster fried
551,allspice ground
552,vegetable juice
553,cisco smoked
554,beef gravy instant
555,rice sake
556,sour cherries
557,queen crab raw
558,scallops fried
559,wine light
560,crackers
561,coriander seeds
562,roquefort cheese dressing
563,luncheon meat pork beef
564,summer squash raw
565,witloof chicory
566,wild pink salmon oceans
567,egg white delight mcdonalds
568,beef kidneys cooked
569,oats
570,cloves ground
571,leeks raw
572,ground lamb raw
573,merlot red wine
574,beef flank steak raw
575,barley raw
576,turkey gravy dry
577,egg yolk dried
578,squid raw
579,cocoa powder
580,red wine
581,table wine
582,turkey roll
583,coleslaw dressing reduced fat
584,quince
585,kohlrabi cooked
586,grapefruit
587,ham
588,egg dried
589,coriander leaves raw
590,kale cooked
591,mushrooms cooked
592,whiskey sour
593,caesar dressing
594,blue crab cooked
595,mutton cooked
596,jellies
597,lamb loin raw
598,snap beans cooked
599,sour dressing
600,anise seeds
601,yellow snap beans cooked
602,pumpkin cooked
603,shark raw
604,summer squash cooked
605,consomme dry
606,koyadofu
607,hanfprotein pulver rohkostqualitat veganz
608,turnips raw
609,ginkgo nuts raw
610,marshmallow
611,white wine
612,ginger ale
613,spirulina dried
614,savoy cabbage cooked
615,cod liver fish oil
616,sweet sour chicken
617,hubbard squash raw
618,oyster fried
619,chestnuts roasted
620,turkey patty fried
621,cantaloupe melon
622,oyster cooked
623,sugar cookies
624,weizenbier erdinger
625,golden delicious apple
626,beef broth soup
627,rosemary dried
628,orange pineapple juice
629,high protein bread dr zaks
630,luxury loaf
631,strawberry topping
632,pecan shortbread cookies
633,beef breakfast strips raw
634,spinach cooked
635,peach
636,nougat with almonds
637,sweet gefilte fish
638,leeks dried
639,chocolate pretzels
640,honey
641,chocolate frosting
642,lemon juice
643,apricot jam
644,white bread
645,chicory roots
646,honey smoked ham cooked
647,eggplant cooked
648,lotus seeds raw
649,oyster raw
650,vanilla sandwich cookie
651,corn syrup dark
652,wheat puffed
653,pineapples canned
654,eel cooked
655,bamboo shoots raw
656,cola
657,sweet corn white
658,beets raw
659,pork breakfast strips raw
660,beef jerky
661,papaya
662,beer light
663,red cabbage cooked
664,pear canned
665,ham salad
666,poppyseed dressing
667,wheat bread
668,corn syrup light
669,fruit jam
670,veal thymus cooked
671,barbecue loaf
672,orange peel
673,chocolate coated donut
674,chicken strips burger king
675,raisin cookies
676,crayfish cooked
677,prairie turnips boiled
678,sweet corn yellow
679,figs dried
680,milk chocolate
681,celeriac raw
682,sprite coca cola
683,cottage cheese creamed
684,crispy chicken drumstick kentucky fried chicken
685,red potato baked
686,nectarine
687,celery cooked
688,tomato sauce
689,white lemonade
690,peanut butter fudge
691,mace ground
692,romaine lettuce
693,carrots cooked
694,chicken back cooked
695,hubbard squash cooked
696,okara
697,veal loin cooked
698,peanut butter sandwich cookies
699,stewed tomatoes canned
700,haddock smoked
701,sprouted soybean raw
702,corn tostada shell
703,maple sugar
704,pepeao dried
705,orange marmalade
706,soymilk
707,milkfish raw
708,potato bread
709,chocolate covered graham crackers
710,egg bagel
711,au jus
712,sports drink
713,rainbow trout cooked
714,triple zero greek yogurt dannon oikos
715,beef meat canned
716,radicchio
717,flounder cooked
718,dessert wine sweet
719,sausage patty mcdonalds
720,pumpkin leaves raw
721,chardonnay white wine
722,oat bran muffin
723,naranjilla lulo pulp
724,rainbow smelt raw
725,octopus raw
726,cashew butter
727,millet puffed
728,orange juice
729,cumin seeds
730,caramels
731,prairie turnips raw
732,brussels sprouts cooked
733,raisin bran crunch kelloggs
734,roe cooked
735,blue crab raw
736,sugar apple
737,potato skin raw
738,picnic loaf
739,peppered loaf
740,water
741,pumpkin flowers raw
742,pie crust
743,glazed donut
744,white fibre wonder bread
745,cinnamon raisin bagel
746,duck sauce
747,tomato stewed
748,chunky peanut butter
749,fruit granola bar
750,spot raw
751,chocolate fudge
752,studentenfutter alnatura
753,gooseberries
754,spot cooked
755,jews ear
756,grapefruit juice
757,creamy ranch sauce mcdonalds
758,cheese popcorn
759,english muffin mcdonalds
760,worcestershire sauce
761,caramel with nuts chocolate coated
762,chocolate fudge syrup
763,potato pancake
764,carob
765,watermelon
766,cowpeas cooked
767,pork meat raw
768,artichoke raw
769,bacon beef steak
770,baked taco shell
771,potato cooked
772,french toast sticks burger king
773,shark cooked
774,chicken neck cooked
775,chicken stock
776,rice drink
777,cranberry juice
778,salt pork raw
779,pita bread whole wheat
780,hearts of palm
781,french toast sticks
782,turkey gizzard cooked
783,cisco raw
784,amaranth raw
785,beer
786,raisins
787,egg noodles cooked
788,ham cheese roll
789,peanut butter cookies
790,blueberries
791,ostrich leg raw
792,sesame sticks
793,fruit juice
794,cream cheese low fat
795,fennel seeds
796,hash brown potato
797,tangerine juice
798,peanut spread
799,ostrich tip raw
800,rice pudding
801,fondant
802,sunflower seed butter
803,brussels sprouts raw
804,beef stock
805,cabbage raw
806,whelk raw
807,hotdog roll
808,rice wheat cereal bar
809,asian pear
810,twix mars
811,corn flakes
812,ostrich top loin cooked
813,ostrich round raw
814,orange
815,instant lemon tea sweetened
816,fennel
817,breadfruit seeds
818,pork sirloin chops cooked
819,milkfish cooked
820,ancho pepper dried
821,shellie beans canned
822,fruit juice bar
823,ostrich top loin raw
824,ohelo berries
825,atlantic croaker raw
826,chervil dried
827,corn cones
828,pastrami beef
829,ocean perch raw
830,artichoke cooked
831,apple juice
832,carob flour
833,oatmeal cookies with raisins
834,pretzels
835,corn cooked
836,malt syrup
837,rainbow smelt cooked
838,nance
839,truffles
840,ostrich fan raw
841,ice tea lemon flavor nestle
842,milk crackers
843,pita chips
844,breadsticks
845,instant cappuccino powder
846,chestnuts cooked
847,sweet potato leaves cooked
848,cinnamon ground
849,butternut squash raw
850,chicken neck raw
851,lebanon bologna
852,egg yolk raw
853,white corn cooked
854,nacho cheese tortilla chips
855,ostrich strip raw
856,figs
857,apple
858,corn chips
859,chicken breast cooked
860,water chestnut canned
861,rice noodles dry
862,wonton soup
863,tortilla chips
864,ostrich tenderloin raw
865,green soybean cooked
866,hungarian pepper
867,rice cracker cake
868,applesauce
869,beef stick
870,popcorn unpopped
871,mixed vegetables canned
872,kohlrabi raw
873,sweet onion
874,chicken broth soup
875,ground ostrich cooked
876,taro shoots raw
877,acorn raw
878,dark chocolate
879,matzo crackers
880,peach nectar
881,chicken spread
882,beef sandwich steak raw
883,cornnuts
884,cracked wheat bread
885,japanese chestnuts roasted
886,almond granola bar
887,lobster cooked
888,swiss chard raw
889,pistachio nuts roasted
890,papaya canned
891,japanese somen noodles dry
892,persimmon
893,turkey giblets cooked
894,sweet potato raw
895,beechnuts dried
896,crispy chicken wing kentucky fried chicken
897,spaghetti dry
898,gourd cooked
899,tomato puree canned
900,yachtwurst cooked
901,turkey vegetable soup
902,tonic water
903,chinese chestnuts roasted
904,energy drink red bull
905,baked apple pie mcdonalds
906,tuna canned
907,pound cake
908,chicken noodle soup
909,ham patties
910,chicken broth
911,endive
912,cuttlefish raw
913,fruit leather
914,maple syrup
915,ham patties grilled
916,ostrich tip cooked
917,crisped rice bar
918,chocolate syrup
919,corn tortilla
920,oatmeal cookies
921,vegetable beef soup
922,ostrich leg cooked
923,swordfish cooked
924,peanut granola bar
925,salsify raw
926,mango nectar
927,pineapple juice
928,granola bar
929,radish seeds sprouted
930,chicken back raw
931,pork tenderloin cooked
932,ham steak
933,onions canned
934,sweet tea lipton
935,pork skin
936,ground bison raw
937,chicken wing roasted
938,chocolate soymilk
939,energy drink sugar free red bull
940,arrowroot
941,protein bread toasted
942,spaghetti squash raw
943,japanese soba noodles cooked
944,potato ham chowder soup
945,pumpernickel bread
946,banana pepper
947,pizza sauce
948,apricot juice
949,pina colada
950,crispy chicken strips kentucky fried chicken
951,vanilla fudge
952,rockfish cooked
953,protein bread
954,fenugreek seeds
955,cucumber
956,japanese soba noodles dry
957,banana chips
958,mock tender steak cooked
959,rice bran bread
960,oatmeal bread
961,corn raw
962,pomegranate
963,peanut brittle
964,tomato vegetable soup
965,pink lemonade
966,parsnips cooked
967,rice bran bread toasted
968,oatmeal bread toasted
969,m ms peanut chocolate mars
970,lasagna
971,peas carrots canned
972,carrots canned
973,arugula
974,ostrich strip cooked
975,catfish cooked
976,matzo crackers whole wheat
977,cusk raw
978,duck liver raw
979,cusk cooked
980,tilapia raw
981,beef liver cooked
982,ground emu cooked
983,sweet potato leaves raw
984,oat bran bread toasted
985,mixed vegetables cooked
986,malt beverage
987,tilapia cooked
988,mung bean sprouts cooked
989,whole wheat spaghetti dry
990,vienna bread toasted
991,chocolate chip cookies mcdonalds
992,ladyfingers
993,oat bran bread
994,tomatillos
995,ham and cheese spread
996,corn dog
997,broccoli cooked
998,matzo crackers with egg onion
999,eppaw
1000,cream of rice coup
1001,woca seeds dried
1002,ginkgo nuts dried
1003,vienna bread
1004,papaya nectar
1005,tempeh cooked
1006,wonton wrappers
1007,japanese persimmon
1008,matzo crackers with egg
1009,flaxseeds
1010,chocolate coated marshmallow
1011,prickly pear raw
1012,warm cinnamon roll mcdonalds
1013,japanese persimmon dried
1014,natto
1015,cashew nuts raw
1016,corn dried
1017,green turtle raw
1018,vanilla fudge with nuts
1019,whole wheat dry
1020,pork meat cooked
1021,pumpernickel roll
1022,napa cabbage cooked
1023,beef pork bologna
1024,scup cooked
1025,sea bass raw
1026,chocolate hazelnut spread
1027,pumpkin leaves cooked
1028,plantain chips
1029,sea bass cooked
1030,chicken crispy wings kentucky fried chicken
1031,onion snacks
1032,coconut meat dried
1033,beef top blade cooked
1034,poached egg
1035,crackers whole wheat
1036,chicken patty
1037,coconut granola bar
1038,purslane raw
1039,peanut topping mcdonalds
1040,banana
1041,turkey steak fried
1042,chicken crispy drumsticks kentucky fried chicken
1043,pork olive loaf
1044,meatless meatloaf
1045,caramel popcorn
1046,side salad mcdonalds
1047,pear nectar
1048,mushroom gravy
1049,spinach raw
1050,parsnips raw
1051,beef gravy
1052,acorn dried
1053,clam tomato juice
1054,ground ostrich raw
1055,peas onions canned
1056,beef shoulder steak grilled
1057,crispy brown rice
1058,french fries burger king
1059,garlic bread
1060,beef rib roasted
1061,crookneck squash canned
1062,egg fried
1063,blueberry muffin
1064,vegetable chips
1065,rainbow trout raw
1066,swordfish raw
1067,shark fin soup
1068,chocolate chip granola bar
1069,pumpernickel bread toasted
1070,peas cooked
1071,wheat germ bread
1072,veal liver cooked
1073,raisin bread toasted
1074,wheat germ bread toasted
1075,mountain yam cooked
1076,guava nectar
1077,rice crisps
1078,white corn raw
1079,raisin bread
1080,cashew nuts roasted
1081,ground emu raw
1082,pear dried
1083,wheat germ
1084,sponge snack cake
1085,scrambled eggs
1086,lamb loin cooked
1087,rye dinner roll
1088,pasta with tomato sauce
1089,pumpkin raw
1090,rye bread toasted
1091,egg raw
1092,porterhouse steak cooked
1093,melon balls
1094,egg boiled
1095,bran flakes
1096,french fries deep fried
1097,sweet potato chips
1098,spinach spaghetti dry
1099,french cruller donut
1100,yam cooked
1101,rye bread
1102,spaghetti with meatballs
1103,baked potato
1104,kanpyo dried
1105,glutinous white rice cooked
1106,lemon lime soda
1107,cola without caffeine coca cola
1108,cola coca cola
1109,oriental rice cracker mix
1110,chicken drumstick fried
1111,catfish raw
1112,limeade
1113,potato chips
1114,egg dinner roll
1115,chinook salmon smoked
1116,turkey liver cooked
1117,amaranth flakes
1118,honey loaf
1119,chayote cooked
1120,valencia peanuts roasted
1121,safflower seed meal
1122,bluefish raw
1123,bluefish cooked
1124,black eyed cowpeas cooked
1125,sorghum syrup
1126,turkey bologna
1127,fruitcake
1128,pumpkin seed sunfish cooked
1129,safflower seed kernels dried
1130,oat bran dinner roll
1131,groundcherries
1132,egg drop soup
1133,hominy canned
1134,pepperpot soup
1135,pumpkin seed sunfish raw
1136,edamame cooked
1137,wheat germ toasted
1138,herring kippered
1139,whole wheat bread
1140,whole wheat bread toasted
1141,split pea soup with ham bacon
1142,crispy chicken thigh kentucky fried chicken
1143,egg noodles dry
1144,turkey roast roasted
1145,corn grits cooked
1146,taro leaves raw
1147,anchovy raw
1148,apple croissant
1149,gelatin dessert
1150,canadian maple syrup
1151,poultry seasoning
1152,chicken drumstick raw
1153,dinner roll whole wheat
1154,peanuts roasted
1155,wheat bran bread
1156,scrambled eggs mcdonalds
1157,wild rice cooked
1158,abalone
1159,trail mix
1160,breadnut tree seeds raw
1161,cheese sauce
1162,goat cheese soft
1163,yam raw
1164,waxgourd raw
1165,pork top loin chops cooked
1166,nachos with cheese
1167,pork ears cooked
1168,puffed rice
1169,crab apple
1170,lime
1171,ham raw
1172,mackerel cooked
1173,corn rice
1174,mackerel raw
1175,corn on the cob with butter
1176,beef mushroom soup
1177,spaghetti squash cooked
1178,haddock cooked
1179,corn pasta cooked
1180,taro shoots cooked
1181,root beer
1182,hamburger mcdonalds
1183,almond rice bar
1184,vegetable salad with chicken
1185,focaccia
1186,new zealand spinach raw
1187,mixed nuts roasted
1188,fruit punch
1189,coleslaw
1190,pecans roasted
1191,grape soda
1192,caviar
1193,apple strudel
1194,fruit toaster pastry
1195,praline
1196,macadamia nuts roasted
1197,chocolate
1198,water chestnut raw
1199,hamburger
1200,lemons
1201,haddock raw
1202,taro cooked
1203,banana bread
1204,ground turkey raw
1205,hamburger burger king
1206,white bread toasted
1207,milky way mars
1208,cherimoya
1209,pectin
1210,whelk cooked
1211,snickers mars
1212,cheese puffs
1213,rice noodles cooked
1214,drumstick leaves raw
1215,macaroni cooked
1216,turkey noodle soup
1217,radish pickled
1218,leeks cooked
1219,apple dried
1220,arroz con grandules
1221,oriental radish cooked
1222,romano cheese
1223,tofu yogurt
1224,pork loin cooked
1225,florida pompano raw
1226,catjang cowpeas cooked
1227,fava beans cooked
1228,caraway seeds
1229,molasses
1230,yautia tannier
1231,vegetable salad
1232,bartlett pear
1233,scallop squash raw
1234,chicken mushroom soup
1235,trout raw
1236,caribou cooked
1237,virginia peanuts roasted
1238,pear
1239,trout cooked
1240,celeriac cooked
1241,fruit cocktail canned
1242,millet cooked
1243,white rice steamed
1244,grapes canned
1245,buckwheat cooked
1246,angel food cake
1247,waxgourd cooked
1248,grape leaves
1249,flounder raw
1250,navy bean sprouts raw
1251,oat bran bagel
1252,apricot nectar
1253,queen crab cooked
1254,yardlong beans cooked
1255,couscous cooked
1256,whitefish smoked
1257,egg mcmuffin mcdonalds
1258,melba toast crackers
1259,scallop squash cooked
1260,beef top loin filet grilled
1261,peach canned
1262,butterbur
1263,fish fillet fried
1264,turkey bacon cooked
1265,lentil sprouts
1266,mullet cooked
1267,fruit coffeecake
1268,baby lima beans cooked
1269,pork centre loin chops cooked
1270,pickle pimiento loaf
1271,wheat bread toasted
1272,gravy dry
1273,potato sticks
1274,spinach egg noodles dry
1275,crookneck squash raw
1276,pork blade chops cooked
1277,sturgeon cooked
1278,jalapeno peppers canned
1279,perch cooked
1280,cheeseburger
1281,red peppers canned
1282,green peppers canned
1283,winter squash raw
1284,pork loin raw
1285,mango
1286,beet greens raw
1287,french roll
1288,tangerine
1289,full throttle coca cola
1290,amp energy pepsi
1291,whole wheat cooked
1292,cheese pizza
1293,dulce de leche
1294,honeydew melon
1295,yam bean jicama
1296,perch raw
1297,pomegranate juice
1298,vegetable salad with shrimp
1299,beets canned
1300,snap beans raw
1301,white icicle radish
1302,squid fried
1303,atlantic croaker fried
1304,whiting raw
1305,smoothie high protein creamy chocolate slimfast
1306,ground beef cooked
1307,horned melon kiwano
1308,instant white rice cooked
1309,cranberry apricot juice
1310,nacho cheese tortilla chips low fat
1311,whiting cooked
1312,vegetable macaroni cooked
1313,cinnamon toaster pastry
1314,oat bran cooked
1315,jerusalem artichokes
1316,pork heart cooked
1317,bagel
1318,peas onions cooked
1319,donut
1320,keikitos
1321,chinese cabbage pe tsai cooked
1322,fruit burrito
1323,peach pie
1324,mothbeans cooked
1325,egg bread
1326,pumpkin flowers cooked
1327,chicken soup
1328,pepperoni pizza
1329,rockfish raw
1330,tequila sunrise
1331,sirloin steak
1332,enchilada with cheese
1333,zucchini cooked
1334,egg bread toasted
1335,boysenberries frozen
1336,burrito with beef
1337,oat bran raw
1338,hot sour soup
1339,tomato soup
1340,chili con carne
1341,sausage pizza
1342,cream of mushroom soup
1343,coho salmon cooked
1344,cuttlefish cooked
1345,pork top loin chops raw
1346,baking chocolate
1347,yellow snap beans raw
1348,butter croissant
1349,mountain yam raw
1350,ground pork raw
1351,duck egg
1352,coho salmon raw
1353,turkey and gravy
1354,sweet green peppers cooked
1355,white rice cooked
1356,gazpacho soup
1357,cream cheese fat free
1358,grape juice
1359,bulgur cooked
1360,eclair
1361,dill pickled cucumber
1362,hotcakes mcdonalds
1363,beef noodle soup
1364,macaroni cheese
1365,pork country style ribs cooked
1366,biscuit kentucky fried chicken
1367,dinner roll
1368,sesbania flower cooked
1369,chow mein noodles
1370,lima beans cooked
1371,poi
1372,chicken rice soup
1373,chicken vegetable soup
1374,pound cake bread
1375,pork country style ribs raw
1376,cream of shrimp soup
1377,mcchicken mcdonalds
1378,mung beans cooked
1379,corn pudding
1380,pink salmon cooked
1381,florida pompano cooked
1382,tuna canned in oil
1383,table water
1384,french toast with butter
1385,brie cheese
1386,mangosteen canned
1387,cod cooked
1388,hazelnuts roasted
1389,japanese somen noodles cooked
1390,sesame flour low fat
1391,mushroom barley soup
1392,brownie
1393,casaba melon
1394,sponge cake
1395,coconut whole coconut
1396,dolphinfish cooked
1397,chicken pork bologna
1398,peanut bar
1399,whole wheat macaroni cooked
1400,dolphinfish raw
1401,bluefin tuna cooked
1402,chocolate pudding fat free
1403,soybean cooked
1404,fruit salad canned
1405,bulgur dry
1406,crookneck squash cooked
1407,vegetable chicken soup
1408,chocolate soda
1409,hazelnuts blanched
1410,oyster stew soup
1411,chicken breast raw
1412,almond butter
1413,pink beans cooked
1414,sesame meal
1415,french beans cooked
1416,hibiscus tea
1417,plantain cooked
1418,breadfruit
1419,barley cooked
1420,roast beef sandwich
1421,crispy chicken breast kentucky fried chicken
1422,whole wheat spaghetti cooked
1423,tortilla chips low fat
1424,catfish fried
1425,amaranth leaves
1426,white beans cooked
1427,lentils cooked
1428,fried rice
1429,tree fern cooked
1430,donut with cream filling
1431,ginkgo nuts canned
1432,soy chips
1433,pork leg cap steak raw
1434,brown rice cooked
1435,tripe soup
1436,kale raw
1437,winter squash cooked
1438,baked beans
1439,beef empanada
1440,lemonade low calorie
1441,pea soup
1442,turkey meat roasted
1443,black turtle beans cooked
1444,cream of chicken soup
1445,wheat shredded
1446,cinnamon coffeecake
1447,chocolate coffee beans
1448,mock tender steak raw
1449,french fries mcdonalds
1450,red chili peppers
1451,chicken gizzard cooked
1452,apple pie
1453,pinto beans cooked
1454,buttermilk pancakes
1455,pork leg cap steak cooked
1456,swamp cabbage
1457,chili beef soup
1458,white rice pasta cooked
1459,donut with jelly filling
1460,coconut water
1461,peas carrots cooked
1462,shortcake
1463,arroz con abichuelas
1464,croutons seasoned
1465,tahini
1466,cranberry beans cooked
1467,halibut cooked
1468,mullet raw
1469,potato puffs
1470,burdock root raw
1471,lotus seeds dried
1472,skunk cabbage
1473,wolffish raw
1474,chicken dumplings soup
1475,wolffish cooked
1476,vegetable soup with beef broth
1477,piki bread
1478,wild plum
1479,parboiled white rice cooked
1480,chicken gravy
1481,rhubarb cooked
1482,green tomato
1483,fish broth
1484,lentil soup with ham
1485,chinese egg roll
1486,blackberry juice
1487,yellow beans cooked
1488,burbot cooked
1489,cheese bread
1490,soy proteins isolate
1491,yellow snap beans canned
1492,vegetable soup
1493,burbot raw
1494,pork kidneys cooked
1495,lingcod raw
1496,cod raw
1497,red potato raw
1498,ham roasted
1499,blackberries frozen
1500,fruit flavored water
1501,hotdog with chili
1502,tamarind nectar
1503,taro raw
1504,sprouted soybean cooked
1505,chinese cabbage pe tsai raw
1506,blue mussels raw
1507,blueberry pie
1508,bass raw
1509,vegetable egg roll
1510,bass cooked
1511,scotch broth
1512,tapioca pudding fat free
1513,beef tripe cooked
1514,chicken egg roll
1515,cheesecake
1516,guanabana nectar
1517,beef vegetable soup
1518,spinach egg noodles cooked
1519,sunflower seeds dried
1520,drumstick leaves cooked
1521,duck meat cooked
1522,beef plate steak grilled
1523,quinoa dry
1524,chicken skin roasted
1525,cassava
1526,romanesco raw
1527,sour cherries canned
1528,vegetable salad with cheese egg
1529,turkey soup
1530,m ms milk chocolate mars
1531,onion soup
1532,avocado
1533,spinach spaghetti cooked
1534,ground chicken cooked
1535,pasta cooked
1536,goose meat cooked
1537,cream of potato soup
1538,carrot juice
1539,sesame seeds toasted
1540,chicken gumbo soup
1541,cloud ear fungus dried
1542,chicken flavored rice cooked
1543,white chocolate
1544,seatrout raw
1545,onion gravy dry
1546,japanese cabbage
1547,yellow cake with vanilla frosting
1548,beef tenderloin steak cooked
1549,saccharin sweetener
1550,seatrout cooked
1551,danish pastry with fruit
1552,stockpot soup
1553,cream soda
1554,quinoa cooked
1555,spaghetti cooked
1556,muesli with fruit nuts
1557,bean with bacon soup
1558,splenda sweetener
1559,loganberries
1560,aspartame sweetener
1561,vanilla soymilk
1562,split pea soup
1563,lemon meringue pie
1564,wheat sprouted
1565,adzuki beans cooked
1566,kamut cooked
1567,tomato sauce with mushrooms
1568,prune juice
1569,chicken heart cooked
1570,microwave popcorn
1571,grape leaves canned
1572,chocolate cream pie
1573,spelt cooked
1574,original taco with beef cheese lettuce taco bell
1575,taco with beef cheese lettuce
1576,mashed potatoes
1577,chicken sandwich
1578,pita bread
1579,passion fruit juice purple
1580,lamb foreshank cooked
1581,meat ravioli canned
1582,escarole soup
1583,pork shoulder cooked
1584,halavah
1585,clam chowder soup
1586,dill weed dried
1587,orange apricot juice
1588,corn muffin
1589,sweet potato baked
1590,spanish tomato sauce
1591,beef round steak cooked
1592,pork egg roll
1593,blueberry pancakes
1594,cheese coffeecake
1595,blackberries raw
1596,american cheese spread
1597,peach dried
1598,grouper cooked
1599,beef flavored rice cooked
1600,pout raw
1601,pout cooked
1602,eggplant raw
1603,pork centre loin chops raw
1604,sesame seeds dried
1605,cardoon cooked
1606,seaweed dry
1607,chicken mushroom chowder soup
1608,salsify cooked
1609,coffeecake with chocolate frosting
1610,goat cheese
1611,tomato beef noodle soup
1612,beef shoulder steak raw
1613,meatless meatballs
1614,cream of asparagus soup
1615,pasta with meatballs in tomato sauce
1616,yellow plantain fried
1617,skittles original mars
1618,skittles wild berry mars
1619,skittles tropical mars
1620,whitefish cooked
1621,pancakes
1622,whitefish raw
1623,beef tenderloin steak raw
1624,sockeye salmon cooked
1625,plantain raw
1626,chocolate snack cake
1627,pineapple orange juice
1628,pink salmon raw
1629,burrito with beans cheese beef
1630,scup raw
1631,pork centre rib roasts raw
1632,chicken crispy breast kentucky fried chicken
1633,split peas cooked
1634,graham crackers
1635,chicken leg fried
1636,ling raw
1637,sheepshead raw
1638,ling cooked
1639,red white currants
1640,gingerbread
1641,beef brisket cooked
1642,beef flank steak cooked
1643,ramen noodle soup dry
1644,rambutan canned
1645,pan dulce bread
1646,bacon meatless
1647,goose liver
1648,sapodilla
1649,pumpkin canned
1650,corn tamale
1651,tomato sauce with onions
1652,cheese croissant
1653,fireweed leaves
1654,cowpeas raw
1655,purslane cooked
1656,tapioca pudding
1657,hotdog
1658,eel raw
1659,chinese cabbage pak choi raw
1660,burrito with beans
1661,granola
1662,succotash
1663,fish sandwich
1664,arroz con frijoles
1665,tomato vegetable juice
1666,chili peppers canned
1667,dill seeds
1668,danish pastry with cinnamon
1669,corn pasta dry
1670,cowpeas canned
1671,dutch apple pie
1672,halibut raw
1673,potato wedges kentucky fried chicken
1674,vegetable macaroni dry
1675,mustard greens raw
1676,marinara pasta sauce
1677,minestrone soup
1678,dungeness crab cooked
1679,beef top sirloin steak cooked
1680,wild raspberries
1681,biscuit mcdonalds
1682,rye flour
1683,rutabaga cooked
1684,dungeness crab raw
1685,tuna salad
1686,chinese noodles
1687,potato salad with egg
1688,tomatoes in tomato juice canned
1689,eastern oyster canned
1690,fruit fried pie
1691,crispy chicken sandwich
1692,flour tortilla
1693,lima beans canned
1694,mashed potato with milk and butter
1695,pork blade steak braised
1696,instant white rice raw
1697,danish pastry with nuts
1698,veal heart cooked
1699,potato raw
1700,grapefruit canned
1701,vanilla pudding
1702,cream of celery soup
1703,vanilla wafers low fat
1704,lamb heart cooked
1705,prunes
1706,alaska king crab cooked
1707,corned beef hash with potatoes
1708,snapper cooked
1709,pupusas del cerdo
1710,egg substitute powder
1711,passion fruit juice yellow
1712,double cheeseburger
1713,grape apple salad with walnuts
1714,cherry pie
1715,almonds roasted
1716,cranberries dried
1717,orange grapefruit juice
1718,crab soup
1719,meatless chicken fried
1720,thyme dried
1721,beef plate steak raw
1722,veal rib cooked
1723,turkey wing cooked
1724,snapper raw
1725,sheepshead cooked
1726,cornstarch
1727,gooseberries canned
1728,citrus fruit juice
1729,borage
1730,black beans cooked
1731,corn flour yellow
1732,corn flour whole grain
1733,tamale navajo
1734,wheat bran
1735,raspberries canned
1736,macaroni raw
1737,pancakes with butter syrup
1738,buttermilk waffle
1739,chocolate pudding
1740,prunes canned
1741,garden cress cooked
1742,alaska king crab raw
1743,sweet cheese rolls
1744,grouper raw
1745,celery seeds
1746,new zealand spinach cooked
1747,squab meat raw
1748,sweet cinnamon rolls
1749,biscuit with sausage
1750,soft pretzels
1751,waffle toasted
1752,oregano dried
1753,mozzarella steak fried
1754,cheese ravioli canned
1755,soursop
1756,lingcod cooked
1757,ground bison cooked
1758,veal sirloin cooked
1759,cornmeal whole grain
1760,chocolate powder for milk
1761,burdock root cooked
1762,cranberry sauce sweetened
1763,veggie burger
1764,lime juice
1765,fava beans canned
1766,camembert cheese
1767,bean with frankfurters soup
1768,greenland halibut raw
1769,neufchatel cheese
1770,chocolate cake
1771,vegetarian fillets
1772,milk cereal bar
1773,millet flour
1774,greenland halibut cooked
1775,boston butt steak cooked
1776,chili without beans canned
1777,white grapefruit
1778,pupusas con frijoles
1779,biscuit large mcdonalds
1780,lotus root raw
1781,sweet red peppers canned
1782,sweet green peppers canned
1783,pancakes whole wheat
1784,potato salad
1785,soy proteins concentrate
1786,dandelion greens raw
1787,veal kidneys cooked
1788,cranberry grape juice
1789,sorghum flour
1790,peas raw
1791,danish pastry with cheese
1792,tomatoes canned
1793,wakame
1794,milk chocolate with almonds
1795,tomato rice soup
1796,pork boston steaks cooked
1797,veal meat cooked
1798,spaghetti with meat sauce
1799,cheese soup
1800,veal tongue cooked
1801,sandwich with roast beef
1802,veal leg round raw
1803,chickpea flour
1804,octopus cooked
1805,clams raw
1806,sweet pickles
1807,pheasant breast raw
1808,pigeon peas cooked
1809,lamb shank roasted
1810,poppy seeds
1811,english muffin
1812,wheat flour
1813,meatless chicken
1814,roselle
1815,apple juice concentrate
1816,pecan pie
1817,arepa
1818,sweet red peppers cooked
1819,lupins cooked
1820,turkey pot pie
1821,cream of onion soup
1822,veal shank cooked
1823,chum salmon cooked
1824,tangerines canned
1825,cracker meal
1826,white grapefruit juice
1827,veal leg round cooked
1828,sausage biscuit mcdonalds
1829,english muffin toasted
1830,split pea soup with ham
1831,red salmon sockeye filets smoked
1832,mamey sapote
1833,chuck eye steak grilled
1834,butternut squash cooked
1835,cranberry apple juice
1836,sucker raw
1837,cod canned
1838,sucker cooked
1839,romanesco cooked
1840,turnip greens raw
1841,american shad raw
1842,american shad cooked
1843,carp cooked
1844,green pea soup
1845,lamb leg cooked
1846,chicken leg raw
1847,sweet green peppers raw
1848,english muffin with butter
1849,rib eye steak grilled
1850,petite sirah red wine
1851,claret red wine
1852,mouvedre red wine
1853,lemberger red wine
1854,gamay red wine
1855,fume blanc white wine
1856,carp raw
1857,chocolate wafers
1858,semillon white wine
1859,muller thurgau white wine
1860,sockeye salmon raw
1861,elderberries
1862,vegetarian stew
1863,ground veal cooked
1864,rice pilaf cooked
1865,chowchow pickles
1866,rib eye steak raw
1867,cottage cheese nonfat
1868,veal shoulder cooked
1869,whole wheat macaroni dry
1870,snap beans canned
1871,yellow cake
1872,beef brain cooked
1873,salt mackerel
1874,cornmeal white
1875,cornmeal yellow
1876,muffin
1877,swiss chard cooked
1878,veal breast cooked
1879,russet potato raw
1880,pork blade chops raw
1881,lobster raw
1882,lamb sirloin cooked
1883,tomato bisque soup
1884,white cake
1885,lamb meat cooked
1886,late harvest white wine
1887,chimichanga with beef
1888,mince pie
1889,chocolate cake with chocolate frosting
1890,bean ham soup
1891,asparagus canned
1892,potato flour
1893,nopales raw
1894,prune plums dried
1895,acorn squash cooked
1896,nachos taco bell
1897,pork lungs cooked
1898,drumstick pods cooked
1899,pork pancreas cooked
1900,refried red beans
1901,nut cereal
1902,pork tamale
1903,lamb tongue cooked
1904,tomato sauce with herbs cheese
1905,pork tenderloin raw
1906,turbot cooked
1907,prunes stewed
1908,herring raw
1909,pork tongue cooked
1910,herring cooked
1911,rice flour white
1912,clams canned
1913,turbot raw
1914,mungo beans cooked
1915,kiwifruit gold
1916,spiny lobster cooked
1917,feta cheese
1918,spiny lobster raw
1919,yellow cake with chocolate frosting
1920,russet potato baked
1921,taco with chicken cheese lettuce
1922,sweet mashed potato canned
1923,cottonseed flour low fat
1924,whole grain wheat flour
1925,chickpeas cooked
1926,pineapple grapefruit juice
1927,conch baked
1928,limburger cheese
1929,pine nuts dried
1930,sofrito
1931,okra cooked
1932,rice flour brown
1933,watermelon seed kernels dried
1934,cranberry beans canned
1935,mozzarella cheese
1936,sausage mcgriddles mcdonalds
1937,drum cooked
1938,lamb pancreas cooked
1939,baked beans canned
1940,tilefish cooked
1941,sandwich with cold cuts
1942,drum raw
1943,black bean soup
1944,premium grilled chicken classic sandwich mcdonalds
1945,lamb brain cooked
1946,chuck blade roast cooked
1947,veal pancreas cooked
1948,arrowroot flour
1949,glucerna abbott
1950,tapioca pearls
1951,buckwheat flour
1952,double hamburger
1953,hazelnuts raw
1954,t bone steak cooked
1955,acorn flour
1956,biscuit with egg sausage
1957,sesame butter
1958,emu fillet cooked
1959,blue cheese
1960,cottage cheese low fat
1961,pork blade steak raw
1962,yellow corn raw
1963,chocolate yogurt
1964,veal sirloin raw
1965,onion rings burger king
1966,veal brain cooked
1967,lamb shoulder cooked
1968,goat meat raw
1969,rowan
1970,jeijoa
1971,pork brain cooked
1972,chicken pot pie
1973,pinto beans canned
1974,tilefish raw
1975,blue mussels cooked
1976,raisins chocolate coated
1977,chocolate donut
1978,turkey taco meat cooked
1979,potatoes canned
1980,dandelion greens cooked
1981,veal breast raw
1982,lamb kidneys cooked
1983,kamut raw
1984,strawberries canned
1985,premium grilled chicken ranch blt sandwich mcdonalds
1986,vanilla cream pie
1987,triticale flour
1988,chicken flavored rice raw
1989,beef pancreas cooked
1990,amaranth cooked
1991,drumstick pods raw
1992,pork tail cooked
1993,salmon raw
1994,semolina
1995,chestnuts raw
1996,fruit n yogurt parfait mcdonalds
1997,lemon pudding
1998,oriental radish raw
1999,pork boston roast cooked
2000,taco salad
2001,veal rib raw
2002,lamb shank raw
2003,lamb rib cooked
2004,veal meat raw
2005,white cake with coconut frosting
2006,butternuts dried
2007,salmon cooked
2008,taro leaves cooked
2009,beef under blade steak cooked
2010,pork spareribs cooked
2011,wild rice raw
2012,chokecherries
2013,hyacinth beans cooked
2014,glutinous white rice raw
2015,sandwich with tuna salad
2016,red cabbage raw
2017,pimento canned
2018,pecans raw
2019,barley flour
2020,profeel proteiinirahka valio
2021,frybread
2022,premium fish sandwich burger king
2023,pork blade roll roasted
2024,veal shank raw
2025,premium crispy chicken classic sandwich mcdonalds
2026,pumpkin squash seeds dried
2027,chuck eye steak raw
2028,teff cooked
2029,veal lungs cooked
2030,emu drums cooked
2031,chickpeas canned
2032,t bone steak raw
2033,cheshire cheese
2034,steak sandwich
2035,yogurt
2036,hickorynuts dried
2037,soy vermicelli
2038,chocolate mousse
2039,abiyuch
2040,yellowtail cooked
2041,cheeseburger burger king
2042,corn chips unsalted
2043,nachos with cinnamon sugar
2044,turnip greens canned
2045,chili with beans canned
2046,lamb foreshank raw
2047,yellowtail raw
2048,beef brisket raw
2049,raisins seeded
2050,popover dry mix
2051,ham cheese sandwich
2052,original chicken sandwich burger king
2053,taco salad with chili con carne
2054,pepperoni pizza pizza hut
2055,pulled pork in barbecue sauce
2056,lamb leg raw
2057,caraway cheese
2058,cranberry orange relish
2059,porterhouse steak raw
2060,walleye pike cooked
2061,couscous dry
2062,walleye pike raw
2063,white frosting dry
2064,egg substitute
2065,yogurt parfait
2066,biscuit with egg steak
2067,greek yogurt
2068,gouda cheese
2069,chinese cabbage pak choi cooked
2070,navy beans cooked
2071,pumpkin pie
2072,apple crisp
2073,boston butt steak raw
2074,skipjack tuna cooked
2075,rice bran
2076,ground lamb cooked
2077,potato scalloped
2078,brown rice raw
2079,english muffin whole wheat
2080,millet raw
2081,mustard greens cooked
2082,sweet red peppers raw
2083,cheddar cheese
2084,english muffin whole wheat toasted
2085,pasta with sliced franks in tomato sauce
2086,chia seeds dried
2087,navy beans canned
2088,menhaden fish oil
2089,sheanut oil
2090,babassu oil
2091,tomatoseed oil
2092,nutmeg butter oil
2093,pineapple cake
2094,tropical trail mix
2095,peanuts cooked
2096,beet greens cooked
2097,rye
2098,brick cheese
2099,premium crispy chicken ranch blt sandwich mcdonalds
2100,chuck blade roast raw
2101,ground pork cooked
2102,shrimp canned
2103,baked potato with sour cream
2104,beef lungs cooked
2105,bagel chips
2106,chinook salmon cooked
2107,white rice raw
2108,white rice pasta raw
2109,parmesan cheese
2110,tomato soup canned
2111,spelt raw
2112,frozen yogurt
2113,soymilk low fat
2114,lamb meat raw
2115,jute cooked
2116,pepperoni pizza dominos
2117,black eyed cowpeas raw
2118,beef flavored rice raw
2119,chocolate frozen yogurt
2120,sunflower seeds toasted
2121,lamb sirloin raw
2122,biscuit with egg cheese bacon
2123,biscuit with egg
2124,crab cake
2125,tomato paste canned
2126,soybean dry roasted
2127,meat vegetable pizza
2128,instant coffee powder
2129,quarter pounder mcdonalds
2130,graham cracker pie crust
2131,chocolate semisweet
2132,pork splean cooked
2133,lamb liver cooked
2134,waffle
2135,fish sandwich with cheese
2136,filet o fish mcdonalds
2137,scots kale raw
2138,pork shoulder raw
2139,edam cheese
2140,beef bottom round steak cooked
2141,hummus
2142,vanilla wafer pie crust
2143,pokeberry shoots cooked
2144,swiss cheese
2145,caesar salad mcdonalds
2146,apple dippers mcdonalds
2147,wheat durum
2148,biscuit with ham
2149,beef round steak raw
2150,golden raisins
2151,chocolate pie crust
2152,frijoles with cheese
2153,chinook salmon raw
2154,nachos supreme taco bell
2155,cheese tortellini
2156,beef rib raw
2157,valencia peanuts raw
2158,triticale
2159,cheese pizza dominos
2160,fruit yogurt
2161,sardines in tomato sauce canned
2162,pork feet pickled
2163,sorghum
2164,spinach canned
2165,acorn squash raw
2166,tostada with guacamole
2167,bean with pork soup
2168,soy flour roasted
2169,bacon ranch salad mcdonalds
2170,turnip greens cooked
2171,sablefish raw
2172,lamb shoulder raw
2173,sablefish cooked
2174,potato chips reduced fat
2175,scots kale cooked
2176,tempeh
2177,cheese pizza pizza hut
2178,chicken chow mein
2179,lamb lungs cooked
2180,big n tasty mcdonalds
2181,zante currants dried
2182,puff pastry
2183,pineapple topping
2184,hotcakes with syrup mcdonalds
2185,tostada with beans cheese
2186,orange with peel
2187,sausage burrito mcdonalds
2188,nopales cooked
2189,white wheat
2190,tortilla
2191,cheeseburger mcdonalds
2192,corn flour white
2193,cheese spread
2194,pistachio nuts raw
2195,wasabi root
2196,chocolate milk dessert
2197,caesar salad with grilled chicken mcdonalds
2198,baking powder
2199,biscuit with egg bacon
2200,goat cheese hard
2201,spinach souffle
2202,tahitian taro cooked
2203,american cheese
2204,meat extender
2205,quail meat cooked
2206,virginia peanuts raw
2207,tostada with beef cheese
2208,veal spleen cooked
2209,pink lentils raw
2210,beef under blade steak raw
2211,roast beef sandwich with cheese
2212,ham egg cheese sandwich
2213,black currants
2214,caesar salad with crispy chicken mcdonalds
2215,peanuts raw
2216,white beans canned
2217,bagel with ham egg cheese
2218,egg cheese sandwich
2219,pili nuts dried
2220,hotcakes sausage mcdonalds
2221,enchilada with cheese beef
2222,enchirito with cheese beef beans
2223,english muffin with cheese sausage
2224,lamb rib raw
2225,tahitian taro raw
2226,corned beef raw
2227,trail mix with chocolate chips
2228,soymilk nonfat
2229,gruyere cheese
2230,tilsit cheese
2231,spanish peanuts roasted
2232,biscuit with egg ham
2233,bread crumbs
2234,winged beans cooked
2235,parboiled white rice raw
2236,pork top loin roasts roasted
2237,salsa con queso
2238,croissant with egg cheese
2239,spanish peanuts
2240,double whopper burger king
2241,pork belly raw
2242,arroz con leche
2243,chocolate soymilk nonfat
2244,biscuit
2245,pollock raw
2246,pork carcass raw
2247,pollock cooked
2248,cottonseed kernels roasted
2249,pork sirloin chops raw
2250,ground beef raw
2251,vanilla soymilk light
2252,northern pike cooked
2253,kung pao chicken
2254,coconut meat
2255,lamp spleen cooked
2256,catjang cowpeas raw
2257,northern pike raw
2258,pork liver cooked
2259,sweet potato canned
2260,burrito with beans cheese
2261,burrito with beans beef
2262,vanilla yogurt
2263,chimichanga with beef cheese
2264,premium grilled chicken club sandwich mcdonalds
2265,sausage mcmuffin mcdonalds
2266,adzuki beans raw
2267,collard cooked
2268,pork centre rib roasts roasted
2269,fava beans raw
2270,sesame flour
2271,beef thymus cooked
2272,potato chips fat free
2273,big n tasty with cheese mcdonalds
2274,split peas raw
2275,lima beans raw
2276,soy flour low fat
2277,caramel custard flan
2278,beef top sirloin steak raw
2279,lentils raw
2280,rice pilaf raw
2281,mammy apple mamey
2282,white sauce
2283,egg custard
2284,potato chips barbecue
2285,english muffin with egg cheese sausage
2286,big mac mcdonalds
2287,general tsos chicken
2288,chicken sandwich with cheese
2289,premium crispy chicken club sandwich mcdonalds
2290,eggnog
2291,clif bar
2292,sweet yellow peppers
2293,potato gratin
2294,cheese lasagna
2295,potato chips cheese
2296,quarter pounder with cheese mcdonalds
2297,pork backribs roasted
2298,guava sauce cooked
2299,breadnut tree seeds dried
2300,beef spleen cooked
2301,vanilla frosting
2302,pheasant meat raw
2303,whopper burger king
2304,vegetable lasagna
2305,yardlong beans raw
2306,mustard spinach cooked
2307,potato chips sour cream and onion
2308,soy meal raw
2309,pork backfat
2310,baked potato with cheese sauce bacon
2311,baked potato with cheese sauce
2312,chicken meat raw
2313,pinto beans raw
2314,chickpeas raw
2315,pupusas con queso
2316,black beans raw
2317,stinging nettles
2318,ranch flavor tortilla chips
2319,corn chips barbecue
2320,cranberry beans raw
2321,vanilla yogurt low fat
2322,pigeon peas raw
2323,yogurt low fat
2324,mothbeans raw
2325,pink beans raw
2326,black turtle beans raw
2327,soybean curd cheese
2328,dessert wine dry
2329,adobo fresco
2330,mung beans raw
2331,mungo beans raw
2332,hyacinth beans raw
2333,double whopper with cheese burger king
2334,lupins raw
2335,mustard spinach raw
2336,hushpuppies
2337,navy beans raw
2338,lemon chicken
2339,teff raw
2340,lambs quarters cooked
2341,yellow beans raw
2342,chicken feet cooked
2343,french beans raw
2344,taco flavor tortilla chips
2345,quesadilla with chicken
2346,almond paste
2347,roquefort cheese
2348,fruit walnut salad mcdonalds
2349,rutabaga raw
2350,sardine canned in oil
2351,fontina cheese
2352,green soybean raw
2353,queso seco cheese
2354,taco salad taco bell
2355,white beans raw
2356,pork spareribs raw
2357,pork backribs raw
2358,soybean raw
2359,nachos with cheese jalapeno peppers
2360,queso fresco cheese
2361,azumaya tofu vitasoy
2362,asadero cheese
2363,pork top loin roasts raw
2364,rose hips
2365,colby cheese
2366,oriental radish dried
2367,duck meat raw
2368,monterey cheese low fat
2369,cheese imitation
2370,queso blanco cheese
2371,sockeye salmon canned
2372,winged beans raw
2373,pink salmon canned
2374,pimento cheese
2375,salmon canned
2376,chum salmon canned
2377,chihuahua cheese
2378,anejo cheese
2379,muenster cheese
2380,gjetost cheese
2381,port salut cheese
2382,provolone cheese
2383,monterey cheese
2384,mexican cheese
2385,provolone cheese reduced fat
2386,sisymbrium seeds
2387,pork arm picnic cooked
2388,banana cream pie
2389,tofu raw
2390,goose meat raw
2391,mozzarella cheese fat free
2392,turkey breast roasted
2393,pork arm picnic raw
2394,turkey breast raw
2395,acerola cherry juice
